{"playerposition":{"x":252.70086669921876,"y":1.0809516906738282,"z":326.1435241699219},"money":0,"enemies":[]}