{"playerposition":{"x":311.9410095214844,"y":1.5747276544570923,"z":411.4242858886719},"money":100}