{"playerposition":{"x":319.0217590332031,"y":1.5948342084884644,"z":415.0209045410156},"money":100,"enemies":[]}